{
  "written_at": "2026-04-02T10:56:13.757460+00:00",
  "columns": {
    "processing_time_ms": {
      "mean": 1577.9166666666667,
      "stddev": 456.52598650684723
    },
    "fact_confidence": {
      "mean": 0.8636666666666667,
      "stddev": 0.07555009206932108
    },
    "fact_page_ref": {
      "mean": 2.5,
      "stddev": 1.1188112109423023
    }
  }
}